Qty,Line Item,Manufacturer,MPN,Octopart URL,Schematic Reference,Internal Part Number,Description,Total Qty (@ Batch Size: 1),SKU,SKU,SKU,Packaging,Packaging,Packaging,Unit Price (@ Batch Size: 1),Unit Price (@ Batch Size: 1),Unit Price (@ Batch Size: 1),In Stock,In Stock,In Stock,MOQ,MOQ,MOQ,URL,URL,URL,Distributor [Lowest Price (Overall)],SKU [Lowest Price (Overall)],Packaging [Lowest Price (Overall)],Unit Price (@ Batch Size: 1) [Lowest Price (Overall)],Line Total [Lowest Price (Overall)],Batch Total [Lowest Price (Overall)],In Stock [Lowest Price (Overall)],MOQ [Lowest Price (Overall)],URL [Lowest Price (Overall)],Notes
,,,,,,,,,Digi-Key,Mouser,Newark,Digi-Key,Mouser,Newark,Digi-Key,Mouser,Newark,Digi-Key,Mouser,Newark,Digi-Key,Mouser,Newark,Digi-Key,Mouser,Newark,,,,,,,,,,
1,MSP430F5529IPNR,Texas Instruments,MSP430F5529IPNR,https://octopart.com/msp430f5529ipnr-texas+instruments-12186999,U1,,"MCU, 16-bit, 128 kB Flash, 80LQFP",1,296-27306-1-ND,MSP430F5529IPNR,88W4667,Cut Tape,,Cut Tape,9.770715,9.49713498,9.49713498,4205,259,0,1,,1,https://octopart.com/click/track?country=AU&ak=68b25f31&sig=0573f19&sid=459&ppid=12186999&vpid=34363987&ct=offers,https://octopart.com/click/track?country=AU&ak=68b25f31&sig=03658d9&sid=2401&ppid=12186999&vpid=50096877&ct=offers,https://octopart.com/click/track?c=1&country=AU&ak=68b25f31&sig=0e55d50&sid=2402&ppid=12186999&vpid=88158691&ct=offers,ExcessParts.Net,MSP430F5529IPNR,,3.29598786,3.29598786,3.29598786,15,,https://octopart.com/click/track?country=AU&ak=68b25f31&sig=096c58a&sid=13803&ppid=12186999&vpid=269078998&ct=offers,
1,AD8615AUJZ-R2,Analog Devices,AD8615AUJZ-R2,https://octopart.com/ad8615aujz-r2-analog+devices-46511470,U100,,"Op-Amp, Single Channel, Rail-to-Rail, 12 V/us, SOT-23-5",1,AD8615AUJZ-R2CT-ND,AD8615AUJZ-R2,19M8931,Cut Tape,,Cut Tape,4.41636318,4.0385622,,1979,517,0,1,,250,https://octopart.com/click/track?country=AU&ak=68b25f31&sig=0c26a0f&sid=459&ppid=46511470&vpid=118186433&ct=offers,https://octopart.com/click/track?country=AU&ak=68b25f31&sig=036399e&sid=2401&ppid=46511470&vpid=116495443&ct=offers,https://octopart.com/click/track?c=1&country=AU&ak=68b25f31&sig=0d2b0be&sid=2402&ppid=46511470&vpid=118062412&ct=offers,Rochester Electronics,AD8615AUJZ-R2,,2.90515926,2.90515926,2.90515926,10789,,https://octopart.com/click/track?country=AU&ak=68b25f31&sig=04dbc4f&sid=5832&ppid=46511470&vpid=154011365&ct=offers,
1,TPS63001DRCR,Texas Instruments,TPS63001DRCR,https://octopart.com/tps63001drcr-texas+instruments-440001,U400,,"Buck-Boost Converter, 3.3 V, 1.6 A, 96% Efficiency, QFN-10 VSON",1,296-19643-1-ND,TPS63001DRCR,85K1711,Cut Tape,,Cut Tape,3.0224078399999996,2.9312145,1.246743234,12045,4707,0,1,,1,https://octopart.com/click/track?country=AU&ak=68b25f31&sig=0a3ff85&sid=459&ppid=440001&vpid=1180502&ct=offers,https://octopart.com/click/track?country=AU&ak=68b25f31&sig=0e142ba&sid=2401&ppid=440001&vpid=37673157&ct=offers,https://octopart.com/click/track?c=1&country=AU&ak=68b25f31&sig=0d7d3f0&sid=2402&ppid=440001&vpid=11711633&ct=offers,Newark,85K1711,Cut Tape,1.246743234,1.246743234,1.246743234,0,1,https://octopart.com/click/track?c=1&country=AU&ak=68b25f31&sig=0d7d3f0&sid=2402&ppid=440001&vpid=11711633&ct=offers,
1,INMP510ACEZ-R7,InvenSense,INMP510ACEZ-R7,https://octopart.com/inmp510acez-r7-invensense-47255285,MIC100,,"Microphone, Low-Noise, Bottom Port, Analog Output",1,1428-1016-1-ND,,,Cut Tape,,,3.47837454,,,4549,,,1,,,https://octopart.com/click/track?country=AU&ak=68b25f31&sig=0372bd3&sid=459&ppid=47255285&vpid=126308288&ct=offers,,,Digi-Key,1428-1016-1-ND,Cut Tape,3.47837454,3.47837454,3.47837454,4549,1,https://octopart.com/click/track?country=AU&ak=68b25f31&sig=0372bd3&sid=459&ppid=47255285&vpid=126308288&ct=offers,
1,CSTCR4M00G15C99-R0,Murata,CSTCR4M00G15C99-R0,https://octopart.com/cstcr4m00g15c99-r0-murata-18683987,X1,,"Resonator, Ceramic, 4 MHz",1,490-7860-1-ND,CSTCR4M00G15C99-R0,45Y4896,Cut Tape,,Cut Tape,0.8989057799999999,0.99009912,,2708,3344,2817,1,,5,https://octopart.com/click/track?country=AU&ak=68b25f31&sig=07b880c&sid=459&ppid=18683987&vpid=88252282&ct=offers,https://octopart.com/click/track?country=AU&ak=68b25f31&sig=0b55842&sid=2401&ppid=18683987&vpid=88296129&ct=offers,https://octopart.com/click/track?country=AU&ak=68b25f31&sig=07c928a&sid=2402&ppid=18683987&vpid=231884060&ct=offers,Distrelec,CSTCR4M00G15C99-R0,,0.6351978230812362,0.6351978230812362,0.6351978230812362,1090,1,https://octopart.com/click/track?country=AU&ak=68b25f31&sig=0b45544&sid=14389&ppid=18683987&vpid=53297640&ct=offers,
1,AB15T-32.768KHZ,Abracon,AB15T-32.768KHZ,https://octopart.com/ab15t-32.768khz-abracon-315480,X2,,"Crystal, 32.768 kHz, 20 ppm, Cylindrical",1,535-9031-ND,AB15T-32.768KHZ,13J1805,Bulk,,,1.4721210599999999,1.4721210599999999,,3832,2000,0,1,,1000,https://octopart.com/click/track?country=AU&ak=68b25f31&sig=0e53e2e&sid=459&ppid=315480&vpid=1744173&ct=offers,https://octopart.com/click/track?country=AU&ak=68b25f31&sig=07a36e1&sid=2401&ppid=315480&vpid=37652916&ct=offers,https://octopart.com/click/track?c=1&country=AU&ak=68b25f31&sig=0e487f1&sid=2402&ppid=315480&vpid=2907682&ct=offers,Digi-Key,535-9031-ND,Bulk,1.4721210599999999,1.4721210599999999,1.4721210599999999,3832,1,https://octopart.com/click/track?country=AU&ak=68b25f31&sig=0e53e2e&sid=459&ppid=315480&vpid=1744173&ct=offers,
1,RN2903A-I/RM098,Microchip,RN2903A-I/RM098,https://octopart.com/rn2903a-i%2Frm098-microchip-80822652,M300,,"LoRa Module, 915MHz",1,RN2903A-I/RM098-ND,RN2903A-I/RM098,17AC5549,Tray,,,17.50912128,20.01042432,30.26316126,683,829,66,1,,1,https://octopart.com/click/track?country=AU&ak=68b25f31&sig=0657297&sid=459&ppid=80822652&vpid=419060974&ct=offers,https://octopart.com/click/track?country=AU&ak=68b25f31&sig=0b69d3b&sid=2401&ppid=80822652&vpid=420186038&ct=offers,https://octopart.com/click/track?country=AU&ak=68b25f31&sig=07af97f&sid=2402&ppid=80822652&vpid=423906259&ct=offers,microchipDIRECT,RN2903A-I/RM098,Tray,16.6753536,16.6753536,16.6753536,1673,1,https://octopart.com/click/track?country=AU&ak=68b25f31&sig=0a5d7fd&sid=13798&ppid=80822652&vpid=418538869&ct=offers,
1,0915AT43A0026E,Johanson,0915AT43A0026E,https://octopart.com/0915at43a0026e-johanson-12962288,E300,,"Antenna, Ceramic, -4 dBi Gain, 928MHz, 2-Pin",1,712-1535-1-ND,0915AT43A0026E,41T0901,Cut Tape,,Cut Tape,1.19854104,1.19854104,1.122980844,156887,23168,1086,1,,1,https://octopart.com/click/track?country=AU&ak=68b25f31&sig=025c4c0&sid=459&ppid=12962288&vpid=34271762&ct=offers,https://octopart.com/click/track?country=AU&ak=68b25f31&sig=0e26ad6&sid=2401&ppid=12962288&vpid=82192206&ct=offers,https://octopart.com/click/track?country=AU&ak=68b25f31&sig=016c11b&sid=2402&ppid=12962288&vpid=38904080&ct=offers,Newark,41T0901,Cut Tape,1.122980844,1.122980844,1.122980844,1086,1,https://octopart.com/click/track?country=AU&ak=68b25f31&sig=016c11b&sid=2402&ppid=12962288&vpid=38904080&ct=offers,
1,SI2305CDS-T1-GE3,Vishay,SI2305CDS-T1-GE3,https://octopart.com/si2305cds-t1-ge3-vishay-42957471,Q401,,"Transistor, Single P-Channel, MOSFET,  8 V,  TO-236",1,SI2305CDS-T1-GE3CT-ND,SI2305CDS-T1-GE3,55R1909,Cut Tape,,Cut Tape,0.63835338,0.63835338,0.63835338,14011,8605,1529,1,,1,https://octopart.com/click/track?country=AU&ak=68b25f31&sig=00a64b3&sid=459&ppid=42957471&vpid=59048792&ct=offers,https://octopart.com/click/track?country=AU&ak=68b25f31&sig=09b3f27&sid=2401&ppid=42957471&vpid=115233040&ct=offers,https://octopart.com/click/track?country=AU&ak=68b25f31&sig=0f051b2&sid=2402&ppid=42957471&vpid=115422070&ct=offers,LCSC,C37577,,0.2193,0.2193,0.2193,35513,1,https://octopart.com/click/track?country=AU&ak=68b25f31&sig=056aa4f&sid=27971&ppid=42957471&vpid=445985849&ct=offers,
2,MBR230LSFT1G,ON Semiconductor,MBR230LSFT1G,https://octopart.com/mbr230lsft1g-on+semiconductor-7995895,"D1, D400",,"Schottky Switching Diode, 30 V, 2 A, SOD-123",2,MBR230LSFT1GOSCT-ND,MBR230LSFT1G,10N9428,Cut Tape,,Cut Tape,0.5211048,0.49504956,0.5211048,0,0,2139,1,,1,https://octopart.com/click/track?country=AU&ak=68b25f31&sig=06a9ed7&sid=459&ppid=7995895&vpid=34060278&ct=offers,https://octopart.com/click/track?country=AU&ak=68b25f31&sig=0026b11&sid=2401&ppid=7995895&vpid=37839401&ct=offers,https://octopart.com/click/track?country=AU&ak=68b25f31&sig=0071d03&sid=2402&ppid=7995895&vpid=13467405&ct=offers,Wuhan P&S,MBR230LSFT1G,,0.16935906,0.33871812,0.33871812,10,,https://octopart.com/click/track?country=AU&ak=68b25f31&sig=0937194&sid=14968&ppid=7995895&vpid=54442413&ct=offers,
1,LQH3NPN2R2NM0L,Murata,LQH3NPN2R2NM0L,https://octopart.com/lqh3npn2r2nm0l-murata-14414660,L400,,"Inductor, Wirewound, 2.2u, 30%, 1212",1,490-6640-2-ND,LQH3NPN2R2NM0L,45Y5420,Tape & Reel,,Cut Tape,,0.54716004,0.57321528,0,3668,35,1000,,1,https://octopart.com/click/track?country=AU&ak=68b25f31&sig=08b34f4&sid=459&ppid=14414660&vpid=64141687&ct=offers,https://octopart.com/click/track?country=AU&ak=68b25f31&sig=0cffd5f&sid=2401&ppid=14414660&vpid=38925480&ct=offers,https://octopart.com/click/track?country=AU&ak=68b25f31&sig=0a8c817&sid=2402&ppid=14414660&vpid=231884166&ct=offers,LCSC,C86076,,0.2193,0.2193,0.2193,5127,1,https://octopart.com/click/track?country=AU&ak=68b25f31&sig=0f5185d&sid=27971&ppid=14414660&vpid=445987364&ct=offers,
1,5-146282-4,TE Connectivity,5-146282-4,https://octopart.com/5-146282-4-te+connectivity-40495146,"J1, J2",,"Header, 0.1"", Male, Single Row, PTH, 4 Position",1,A121484-ND,5-146282-4,,Bulk,,,0.7295467200000001,0.45596669999999995,,727,212,,1,,,https://octopart.com/click/track?country=AU&ak=68b25f31&sig=0e38a0e&sid=459&ppid=40495146&vpid=199313205&ct=offers,https://octopart.com/click/track?country=AU&ak=68b25f31&sig=04ccea8&sid=2401&ppid=40495146&vpid=165556748&ct=offers,,Mouser,5-146282-4,,0.45596669999999995,0.45596669999999995,0.45596669999999995,212,,https://octopart.com/click/track?country=AU&ak=68b25f31&sig=04ccea8&sid=2401&ppid=40495146&vpid=165556748&ct=offers,
1,5-146285-6,TE Connectivity,5-146285-6,https://octopart.com/5-146285-6-te+connectivity-40038790,J300,,"Header, 0.1"", Male, Single Row, PTH, 6 Position",1,A122872-ND,5-146285-6,18R8484,Bulk,,,1.26367914,0.9249610199999999,,6535,336,0,1,,9600,https://octopart.com/click/track?country=AU&ak=68b25f31&sig=04df18c&sid=459&ppid=40038790&vpid=225751996&ct=offers,https://octopart.com/click/track?country=AU&ak=68b25f31&sig=0fd7fa0&sid=2401&ppid=40038790&vpid=115834783&ct=offers,https://octopart.com/click/track?c=1&country=AU&ak=68b25f31&sig=03adeea&sid=2402&ppid=40038790&vpid=118741048&ct=offers,Mouser,5-146285-6,,0.9249610199999999,0.9249610199999999,0.9249610199999999,336,,https://octopart.com/click/track?country=AU&ak=68b25f31&sig=0fd7fa0&sid=2401&ppid=40038790&vpid=115834783&ct=offers,
1,534237-2,TE Connectivity,534237-2,https://octopart.com/534237-2-te+connectivity-39534661,J3,,"Header, 0.1"", Female, Single Row, PTH, 4 Position",1,A26416-ND,,,Tube,,,1.6284524999999999,,,3375,,,1,,,https://octopart.com/click/track?country=AU&ak=68b25f31&sig=05f6255&sid=459&ppid=39534661&vpid=198740546&ct=offers,,,Gerber,534237-2,,0.965346642,0.965346642,0.965346642,114,,https://octopart.com/click/track?country=AU&ak=68b25f31&sig=0f36c47&sid=2409&ppid=39534661&vpid=11235035&ct=offers,
1,105164-0001,Molex,105164-0001,https://octopart.com/105164-0001-molex-22608772,J4,,"Micro-USB B, Receptacle, No Flange, Top Mount, SMD",1,WM11263CT-ND,105164-0001,99Y3224,Cut Tape,,Cut Tape,1.14643056,0.96404388,1.0747786499999998,23688,10451,159,1,,1,https://octopart.com/click/track?country=AU&ak=68b25f31&sig=0b4dedb&sid=459&ppid=22608772&vpid=212058414&ct=offers,https://octopart.com/click/track?country=AU&ak=68b25f31&sig=0f7f1ab&sid=2401&ppid=22608772&vpid=77157614&ct=offers,https://octopart.com/click/track?country=AU&ak=68b25f31&sig=0e8d11e&sid=2402&ppid=22608772&vpid=410224952&ct=offers,Farnell,2614947,,0.8979257581725089,0.8979257581725089,0.8979257581725089,2051,1,https://octopart.com/click/track?country=AU&ak=68b25f31&sig=0d81b98&sid=819&ppid=22608772&vpid=272726013&ct=offers,
1,1040310811,Molex,1040310811,https://octopart.com/1040310811-molex-18824404,J200,,"uSD, Push-Pull",1,WM6357CT-ND,,,Cut Tape,,,2.50130304,,,16885,,,1,,,https://octopart.com/click/track?country=AU&ak=68b25f31&sig=0ccfa50&sid=459&ppid=18824404&vpid=114393491&ct=offers,,,Arrow,1040310811**MULT1,Cut Tape,2.0089892802,2.0089892802,2.0089892802,4217,1,https://octopart.com/click/track?country=AU&ak=68b25f31&sig=0b02c72&sid=1106&ppid=18824404&vpid=119739872&ct=offers,
1,1043P,Keystone,1043P,https://octopart.com/1043p-keystone-31888867,B400,,"Battery Holder, 18650, Polarised, PTH",1,36-1043P-ND,1043P,53Y2623,Bulk,,,3.00938022,2.9442421199999997,3.00938022,2605,621,210,1,,1,https://octopart.com/click/track?country=AU&ak=68b25f31&sig=0275202&sid=459&ppid=31888867&vpid=212417509&ct=offers,https://octopart.com/click/track?country=AU&ak=68b25f31&sig=0985439&sid=2401&ppid=31888867&vpid=170356814&ct=offers,https://octopart.com/click/track?country=AU&ak=68b25f31&sig=0081b68&sid=2402&ppid=31888867&vpid=227894088&ct=offers,element14 APAC,2673609,,2.6,2.6,2.6,210,1,https://octopart.com/click/track?country=AU&ak=68b25f31&sig=07ae3be&sid=11744&ppid=31888867&vpid=423684249&ct=offers,
3,FSM4JSMAATR,TE Connectivity,FSM4JSMAATR,https://octopart.com/fsm4jsmaatr-te+connectivity-21419023,"S1, S2, S4",,"Pushbutton, Momentary, SMD",3,,FSM4JSMAATR,23R8463,,,,,0.36477336000000005,0.294424212,,8899,0,,,,,https://octopart.com/click/track?country=AU&ak=68b25f31&sig=060d21d&sid=2401&ppid=21419023&vpid=210977850&ct=offers,https://octopart.com/click/track?c=1&country=AU&ak=68b25f31&sig=03d601d&sid=2402&ppid=21419023&vpid=118723771&ct=offers,Farnell,2610936,,0.28391557306025994,0.8517467191807798,0.8517467191807798,1590,1,https://octopart.com/click/track?country=AU&ak=68b25f31&sig=0c32e0d&sid=819&ppid=21419023&vpid=268835709&ct=offers,
1,A6S-2101-H,Omron,A6S-2101-H,https://octopart.com/a6s-2101-h-omron-7745672,S3,,"Switch, 2-pos, DIP, SMD",1,Z5188-ND,A6S-2101-H,83T2299,Bulk,,,2.52735828,1.70661822,1.78478394,169,0,0,1,,,https://octopart.com/click/track?country=AU&ak=68b25f31&sig=0272922&sid=459&ppid=7745672&vpid=203716073&ct=offers,https://octopart.com/click/track?country=AU&ak=68b25f31&sig=077fec1&sid=2401&ppid=7745672&vpid=37857359&ct=offers,https://octopart.com/click/track?c=1&country=AU&ak=68b25f31&sig=0a8a73c&sid=2402&ppid=7745672&vpid=191367259&ct=offers,TME,A6S-2101-H,,1.28973438,1.28973438,1.28973438,630,1,https://octopart.com/click/track?country=AU&ak=68b25f31&sig=0c19a50&sid=1532&ppid=7745672&vpid=88678987&ct=offers,
3,5014,Keystone,5014,https://octopart.com/5014-keystone-63951,"TP1, TP100, TP101",,"Testpoint, Loop/Ring, PTH",3,36-5014-ND,5014,62W5146,Bulk,,,0.48202194,0.41688384,0.44945288999999994,119205,28206,11280,1,,1,https://octopart.com/click/track?country=AU&ak=68b25f31&sig=078b4f0&sid=459&ppid=63951&vpid=212427657&ct=offers,https://octopart.com/click/track?country=AU&ak=68b25f31&sig=0e157cf&sid=2401&ppid=63951&vpid=37625724&ct=offers,https://octopart.com/click/track?country=AU&ak=68b25f31&sig=038c2a8&sid=2402&ppid=63951&vpid=67006772&ct=offers,element14 APAC,2301290,,0.247,0.741,0.741,11280,1,https://octopart.com/click/track?country=AU&ak=68b25f31&sig=044b0ad&sid=11744&ppid=63951&vpid=137576095&ct=offers,
3,APT1608LSECK/J4-PRV,Kingbright,APT1608LSECK/J4-PRV,https://octopart.com/apt1608lseck%2Fj4-prv-kingbright-56784108,"LED1, LED2, LED301",,"LED, Orange, 1 mA, 0603",3,754-1931-1-ND,,,Cut Tape,,,0.7034914800000001,,,1079,,,1,,,https://octopart.com/click/track?country=AU&ak=68b25f31&sig=052ca0c&sid=459&ppid=56784108&vpid=192867500&ct=offers,,,Digi-Key,754-1931-1-ND,Cut Tape,0.7034914800000001,2.11047444,2.11047444,1079,1,https://octopart.com/click/track?country=AU&ak=68b25f31&sig=052ca0c&sid=459&ppid=56784108&vpid=192867500&ct=offers,
1,APT1608LSECK/J3-PRV,Kingbright,APT1608LSECK/J3-PRV,https://octopart.com/apt1608lseck%2Fj3-prv-kingbright-56784107,LED4,,"LED, Red, 1 mA, 0603",1,754-1930-1-ND,APT1608LSECK/J3-PRV,,Cut Tape,,,0.7034914800000001,0.63835338,,4775,4852,,1,,,https://octopart.com/click/track?country=AU&ak=68b25f31&sig=05c9d52&sid=459&ppid=56784107&vpid=192867497&ct=offers,https://octopart.com/click/track?country=AU&ak=68b25f31&sig=09bdde9&sid=2401&ppid=56784107&vpid=194830612&ct=offers,,Mouser,APT1608LSECK/J3-PRV,,0.63835338,0.63835338,0.63835338,4852,,https://octopart.com/click/track?country=AU&ak=68b25f31&sig=09bdde9&sid=2401&ppid=56784107&vpid=194830612&ct=offers,
2,APT1608LZGCK,Kingbright,APT1608LZGCK,https://octopart.com/apt1608lzgck-kingbright-56784111,"LED3, LED300",,"LED, Green, 1 mA, 0603",2,754-1934-1-ND,APT1608LZGCK,,Cut Tape,,,0.79468482,0.651381,,28813,5000,,1,,,https://octopart.com/click/track?country=AU&ak=68b25f31&sig=0b9f524&sid=459&ppid=56784111&vpid=192867509&ct=offers,https://octopart.com/click/track?country=AU&ak=68b25f31&sig=0e6fb82&sid=2401&ppid=56784111&vpid=194830616&ct=offers,,Mouser,APT1608LZGCK,,0.651381,1.302762,1.302762,5000,,https://octopart.com/click/track?country=AU&ak=68b25f31&sig=0e6fb82&sid=2401&ppid=56784111&vpid=194830616&ct=offers,
1,BLM18HG471SN1D,Murata,BLM18HG471SN1D,https://octopart.com/blm18hg471sn1d-murata-368326,R404,,"Ferrite Bead, Multi-Layer, 470R, 25%, 850R @ 100 MHz, 0603",1,490-1032-1-ND,BLM18HG471SN1D,,Cut Tape,,,0.24752478,0.24752478,,4759,14904,,1,,,https://octopart.com/click/track?country=AU&ak=68b25f31&sig=0931de7&sid=459&ppid=368326&vpid=1629100&ct=offers,https://octopart.com/click/track?country=AU&ak=68b25f31&sig=066ce1e&sid=2401&ppid=368326&vpid=37601658&ct=offers,,Quest,BLM18HG471SN1D,,0.18238668000000002,0.18238668000000002,0.18238668000000002,5063,,https://octopart.com/click/track?country=AU&ak=68b25f31&sig=0448898&sid=2412&ppid=368326&vpid=67796439&ct=offers,
1,T491A475K020AT,KEMET,T491A475K020AT,https://octopart.com/t491a475k020at-kemet-124976,C4,,"Cap, Tantalum, 4.7u, 20 V, 10%, 1206",1,399-8290-1-ND,T491A475K020AT,57K1705,Cut Tape,,Cut Tape,0.67743624,0.6122981399999999,0.087285054,9254,13770,0,1,,1,https://octopart.com/click/track?country=AU&ak=68b25f31&sig=0e327b1&sid=459&ppid=124976&vpid=51928075&ct=offers,https://octopart.com/click/track?country=AU&ak=68b25f31&sig=08d1ac7&sid=2401&ppid=124976&vpid=44737316&ct=offers,https://octopart.com/click/track?c=1&country=AU&ak=68b25f31&sig=0894a8a&sid=2402&ppid=124976&vpid=2998403&ct=offers,Newark,57K1705,Cut Tape,0.087285054,0.087285054,0.087285054,0,1,https://octopart.com/click/track?c=1&country=AU&ak=68b25f31&sig=0894a8a&sid=2402&ppid=124976&vpid=2998403&ct=offers,
1,T491A106M010AT,KEMET,T491A106M010AT,https://octopart.com/t491a106m010at-kemet-219771,C11,,"Cap, Tantalum, 10u, 10 V, 20%, 1206",1,399-3686-1-ND,T491A106M010AT,57K1639,Cut Tape,,Cut Tape,0.54716004,0.5211048,0.114643056,1309,75,9356,1,,1,https://octopart.com/click/track?country=AU&ak=68b25f31&sig=078961d&sid=459&ppid=219771&vpid=1129341&ct=offers,https://octopart.com/click/track?country=AU&ak=68b25f31&sig=0d9d451&sid=2401&ppid=219771&vpid=44737267&ct=offers,https://octopart.com/click/track?country=AU&ak=68b25f31&sig=0864474&sid=2402&ppid=219771&vpid=2998345&ct=offers,Newark,57K1639,Cut Tape,0.114643056,0.114643056,0.114643056,9356,1,https://octopart.com/click/track?country=AU&ak=68b25f31&sig=0864474&sid=2402&ppid=219771&vpid=2998345&ct=offers,
3,C0603C120K5GACTU,KEMET,C0603C120K5GACTU,https://octopart.com/c0603c120k5gactu-kemet-9139171,"C1, C3, C402",,"Cap, MLCC, 12p,  C0G, 50 V, 0603",3,399-8996-1-ND,C0603C120K5GACTU,07X0762,Cut Tape,,Cut Tape,0.36477336000000005,0.36477336000000005,0.31266288,11509,5830,3880,1,,1,https://octopart.com/click/track?country=AU&ak=68b25f31&sig=036c498&sid=459&ppid=9139171&vpid=53207046&ct=offers,https://octopart.com/click/track?country=AU&ak=68b25f31&sig=0a17d00&sid=2401&ppid=9139171&vpid=37732971&ct=offers,https://octopart.com/click/track?country=AU&ak=68b25f31&sig=0efff42&sid=2402&ppid=9139171&vpid=88870734&ct=offers,Arrow,C0603C120K5GACTU**MULT1,Cut Tape,0.242313732,0.7269411960000001,0.7269411960000001,3250,1,https://octopart.com/click/track?country=AU&ak=68b25f31&sig=00b5d93&sid=1106&ppid=9139171&vpid=417841976&ct=offers,
1,C0603C102K4RACTU,KEMET,C0603C102K4RACTU,https://octopart.com/c0603c102k4ractu-kemet-6728766,C2,,"Cap, Ceramic, 1n, X7R, 16 V, 0603",1,399-7835-1-ND,C0603C102K4RACTU,96Y6949,Cut Tape,,Cut Tape,0.1302762,0.1302762,0.1302762,99630,69009,8250,1,,1,https://octopart.com/click/track?country=AU&ak=68b25f31&sig=08cc046&sid=459&ppid=6728766&vpid=51926307&ct=offers,https://octopart.com/click/track?country=AU&ak=68b25f31&sig=0356ad7&sid=2401&ppid=6728766&vpid=37818325&ct=offers,https://octopart.com/click/track?country=AU&ak=68b25f31&sig=00f3e62&sid=2402&ppid=6728766&vpid=270961534&ct=offers,Avnet,C0603C102K4RAC TU/BKN,,0.0149166249,0.0149166249,0.0149166249,1090,1,https://octopart.com/click/track?country=AU&ak=68b25f31&sig=0d21b59&sid=5822&ppid=6728766&vpid=33517235&ct=offers,
2,C0603C224K8RACTU,KEMET,C0603C224K8RACTU,https://octopart.com/c0603c224k8ractu-kemet-106787,"C5, C9",,"Cap, Ceramic, 0.22uF, X7R, 10 V, 0603",2,399-7885-1-ND,C0603C224K8RACTU,19X1107,Cut Tape,,Cut Tape,0.15633144,0.15633144,0.15633144,31255,20822,6260,1,,1,https://octopart.com/click/track?country=AU&ak=68b25f31&sig=0da6491&sid=459&ppid=106787&vpid=51926478&ct=offers,https://octopart.com/click/track?country=AU&ak=68b25f31&sig=014b544&sid=2401&ppid=106787&vpid=37795606&ct=offers,https://octopart.com/click/track?country=AU&ak=68b25f31&sig=06b103d&sid=2402&ppid=106787&vpid=93079668&ct=offers,Freelance Electronics,C0603C224K8RACTU,,0.010291819800000001,0.020583639600000002,0.020583639600000002,4000,,https://octopart.com/click/track?country=AU&ak=68b25f31&sig=0da1445&sid=13062&ppid=106787&vpid=178214771&ct=offers,
2,C1608X5R1A106K080AC,TDK,C1608X5R1A106K080AC,https://octopart.com/c1608x5r1a106k080ac-tdk-26013468,"C400, C401",,"Cap,  MLCC, 10u, X5R, 10 V, 0603",2,445-7486-1-ND,C1608X5R1A106K080AC,04X3243,Cut Tape,,Cut Tape,0.56018766,0.62532576,0.62532576,1015904,269506,3880,1,,1,https://octopart.com/click/track?country=AU&ak=68b25f31&sig=058db7c&sid=459&ppid=26013468&vpid=63972808&ct=offers,https://octopart.com/click/track?country=AU&ak=68b25f31&sig=0fa141b&sid=2401&ppid=26013468&vpid=66164162&ct=offers,https://octopart.com/click/track?country=AU&ak=68b25f31&sig=04ef12e&sid=2402&ppid=26013468&vpid=88873642&ct=offers,Quest,C1608X5R1A106K080AC,,0.27358002,0.54716004,0.54716004,380,,https://octopart.com/click/track?country=AU&ak=68b25f31&sig=0725e13&sid=2412&ppid=26013468&vpid=237431091&ct=offers,
4,CC0603KRX7R7BB104,Yageo,CC0603KRX7R7BB104,https://octopart.com/cc0603krx7r7bb104-yageo-192941,"C10, C13, C100, C403",,"Cap, MLCC, 0.1u, X7R, 16 V, 0603",4,311-1088-1-ND,CC0603KRX7R7BB104,68R4769,Cut Tape,,Cut Tape,0.1302762,0.1302762,0.101615436,881200,585,0,1,,1,https://octopart.com/click/track?country=AU&ak=68b25f31&sig=0249b7d&sid=459&ppid=192941&vpid=115263392&ct=offers,https://octopart.com/click/track?country=AU&ak=68b25f31&sig=0aa2562&sid=2401&ppid=192941&vpid=116521269&ct=offers,https://octopart.com/click/track?c=1&country=AU&ak=68b25f31&sig=03e1136&sid=2402&ppid=192941&vpid=115423520&ct=offers,Freelance Electronics,CC0603KRX7R7BB104,,0.0164148012,0.0656592048,0.0656592048,8000,,https://octopart.com/click/track?country=AU&ak=68b25f31&sig=07329de&sid=13062&ppid=192941&vpid=265816925&ct=offers,
1,C0603C222K4RACTU,KEMET,C0603C222K4RACTU,https://octopart.com/c0603c222k4ractu-kemet-12573951,C14,,"Cap, Ceramic, 2.2n, X7R, 16 V, 0603",1,399-7881-1-ND,C0603C222K4RACTU,96Y7015,Cut Tape,,Cut Tape,0.1302762,0.1302762,0.1302762,66628,50182,4000,1,,1,https://octopart.com/click/track?country=AU&ak=68b25f31&sig=0994f59&sid=459&ppid=12573951&vpid=51926464&ct=offers,https://octopart.com/click/track?country=AU&ak=68b25f31&sig=0abf9c2&sid=2401&ppid=12573951&vpid=37711279&ct=offers,https://octopart.com/click/track?country=AU&ak=68b25f31&sig=0b205f5&sid=2402&ppid=12573951&vpid=270961585&ct=offers,Arrow,C0603C222K4RACTU**MULT1,Cut Tape,0.11737885619999999,0.11737885619999999,0.11737885619999999,3890,1,https://octopart.com/click/track?country=AU&ak=68b25f31&sig=07a1f45&sid=1106&ppid=12573951&vpid=419369425&ct=offers,
1,CC0603ZRY5V7BB225,Yageo,CC0603ZRY5V7BB225,https://octopart.com/cc0603zry5v7bb225-yageo-42522851,C101,,"Cap, MLCC, 2.2u,  Y5V, 16 V, 0603",1,311-3416-1-ND,CC0603ZRY5V7BB225,59M4936,Cut Tape,,Cut Tape,0.23449715999999998,0.31266288,,7990,1190,4141,1,,10,https://octopart.com/click/track?country=AU&ak=68b25f31&sig=0bf3c81&sid=459&ppid=42522851&vpid=421485837&ct=offers,https://octopart.com/click/track?country=AU&ak=68b25f31&sig=0e2c97d&sid=2401&ppid=42522851&vpid=168802638&ct=offers,https://octopart.com/click/track?country=AU&ak=68b25f31&sig=04a6163&sid=2402&ppid=42522851&vpid=20053064&ct=offers,Future Electronics,6469613,Cut Tape,0.029963525999999997,0.029963525999999997,0.029963525999999997,0,1,https://octopart.com/click/track?c=1&country=AU&ak=68b25f31&sig=0b116b7&sid=2454&ppid=42522851&vpid=416979411&ct=offers,
2,CC0603KRX5R7BB474,Yageo,CC0603KRX5R7BB474,https://octopart.com/cc0603krx5r7bb474-yageo-9289260,"C7, C12",,"Cap, MLCC, 0.47u, X5R, 16 V, 0603",2,311-3364-1-ND,CC0603KRX5R7BB474,65R8171,Cut Tape,,Tape & Reel,0.15633144,0.1302762,,3980,11413,0,1,,4000,https://octopart.com/click/track?country=AU&ak=68b25f31&sig=0a8bd31&sid=459&ppid=9289260&vpid=418658248&ct=offers,https://octopart.com/click/track?country=AU&ak=68b25f31&sig=044d456&sid=2401&ppid=9289260&vpid=45350888&ct=offers,https://octopart.com/click/track?c=1&country=AU&ak=68b25f31&sig=0785526&sid=2402&ppid=9289260&vpid=21910872&ct=offers,Future Electronics,9400219,Cut Tape,0.0222772302,0.0445544604,0.0445544604,0,1,https://octopart.com/click/track?c=1&country=AU&ak=68b25f31&sig=0196f7d&sid=2454&ppid=9289260&vpid=19677152&ct=offers,
2,RT0603BRE0710KL,Yageo,RT0603BRE0710KL,https://octopart.com/rt0603bre0710kl-yageo-1273959,"R100, R101",,"Res, Thin Film, 10K, 0.1%, 0603",2,YAG2313CT-ND,RT0603BRE0710KL,66R7507,Cut Tape,,Tape & Reel,0.42991146,0.63835338,,12132,825,0,1,,10000,https://octopart.com/click/track?country=AU&ak=68b25f31&sig=0f3ca93&sid=459&ppid=1273959&vpid=204086247&ct=offers,https://octopart.com/click/track?country=AU&ak=68b25f31&sig=032ef12&sid=2401&ppid=1273959&vpid=203226145&ct=offers,https://octopart.com/click/track?c=1&country=AU&ak=68b25f31&sig=0d7c15d&sid=2402&ppid=1273959&vpid=96903811&ct=offers,Arrow,RT0603BRE0710KL**MULT1,Cut Tape,0.246873399,0.493746798,0.493746798,3665,1,https://octopart.com/click/track?country=AU&ak=68b25f31&sig=09ff971&sid=1106&ppid=1273959&vpid=277422990&ct=offers,
8,RC0603JR-070RL,Yageo,RC0603JR-070RL,https://octopart.com/rc0603jr-070rl-yageo-1241539,"R10, R102, R303, R304, R305, R306, R200, R201",,"Res, 0R, 0603",8,311-0.0GRCT-ND,RC0603JR-070RL,68R0136,Cut Tape,,Cut Tape,0.1302762,0.1302762,0.09119334000000001,14207472,2097584,14850,1,,1,https://octopart.com/click/track?country=AU&ak=68b25f31&sig=0c106d9&sid=459&ppid=1241539&vpid=115263549&ct=offers,https://octopart.com/click/track?country=AU&ak=68b25f31&sig=079fa20&sid=2401&ppid=1241539&vpid=115233278&ct=offers,https://octopart.com/click/track?country=AU&ak=68b25f31&sig=0a02c27&sid=2402&ppid=1241539&vpid=115424221&ct=offers,Area51,RC0603JR-070RL,,0.001954143,0.015633144,0.015633144,4850,,https://octopart.com/click/track?country=AU&ak=68b25f31&sig=0e32f46&sid=13811&ppid=1241539&vpid=189264245&ct=offers,
1,RC0603JR-0710KL,Yageo,RC0603JR-0710KL,https://octopart.com/rc0603jr-0710kl-yageo-1160844,R300,,"Res, Thick Film, 10K, 5%, 0603",1,311-10KGRCT-ND,RC0603JR-0710KL,68R0144,Cut Tape,,Cut Tape,0.1302762,0.1302762,0.09119334000000001,13590416,386640,5222,1,,1,https://octopart.com/click/track?country=AU&ak=68b25f31&sig=0f38801&sid=459&ppid=1160844&vpid=188128970&ct=offers,https://octopart.com/click/track?country=AU&ak=68b25f31&sig=07a6c8a&sid=2401&ppid=1160844&vpid=190907044&ct=offers,https://octopart.com/click/track?country=AU&ak=68b25f31&sig=0cf4de7&sid=2402&ppid=1160844&vpid=190899759&ct=offers,Future Electronics,2879583,Cut Tape,0.0031266287999999996,0.0031266287999999996,0.0031266287999999996,8603,1,https://octopart.com/click/track?country=AU&ak=68b25f31&sig=0922bfb&sid=2454&ppid=1160844&vpid=19679401&ct=offers,
2,RC0603FR-07330RL,Yageo,RC0603FR-07330RL,https://octopart.com/rc0603fr-07330rl-yageo-40301083,"R301, R302",,"Res, Thick Film, 330R, 1%, 0603",2,311-330HRCT-ND,RC0603FR-07330RL,66R2317,Cut Tape,,,0.1302762,0.1302762,0.00651381,2369549,346619,0,1,,,https://octopart.com/click/track?country=AU&ak=68b25f31&sig=013572b&sid=459&ppid=40301083&vpid=115141427&ct=offers,https://octopart.com/click/track?country=AU&ak=68b25f31&sig=0db39d1&sid=2401&ppid=40301083&vpid=114830355&ct=offers,https://octopart.com/click/track?c=1&country=AU&ak=68b25f31&sig=0981854&sid=2402&ppid=40301083&vpid=120437033&ct=offers,Future Electronics,4504742,Cut Tape,0.004559667,0.009119334,0.009119334,20,1,https://octopart.com/click/track?country=AU&ak=68b25f31&sig=0101e98&sid=2454&ppid=40301083&vpid=416981563&ct=offers,
2,RC0603FR-071ML,Yageo,RC0603FR-071ML,https://octopart.com/rc0603fr-071ml-yageo-1168402,"R9, R400",,"Res, Thick Film, 1M, 1%, 0603",2,311-1.00MHRCT-ND,RC0603FR-071ML,68R0047,Cut Tape,,Cut Tape,0.1302762,0.1302762,0.10422096,3168576,320893,4582,1,,1,https://octopart.com/click/track?country=AU&ak=68b25f31&sig=026478a&sid=459&ppid=1168402&vpid=115263520&ct=offers,https://octopart.com/click/track?country=AU&ak=68b25f31&sig=03fe4a5&sid=2401&ppid=1168402&vpid=116521345&ct=offers,https://octopart.com/click/track?country=AU&ak=68b25f31&sig=056812d&sid=2402&ppid=1168402&vpid=115424106&ct=offers,Future Electronics,2399236,Cut Tape,0.004559667,0.009119334,0.009119334,991,1,https://octopart.com/click/track?country=AU&ak=68b25f31&sig=0fd6361&sid=2454&ppid=1168402&vpid=19678959&ct=offers,
1,RC0603FR-07200KL,Yageo,RC0603FR-07200KL,https://octopart.com/rc0603fr-07200kl-yageo-1190520,R403,,"Res, Thick Film, 200K, 1%, 0603",1,311-200KHRCT-ND,RC0603FR-07200KL,68R0070,Cut Tape,,Cut Tape,0.1302762,0.1302762,0.10422096,873935,185764,3148,1,,1,https://octopart.com/click/track?country=AU&ak=68b25f31&sig=090581a&sid=459&ppid=1190520&vpid=2026445&ct=offers,https://octopart.com/click/track?country=AU&ak=68b25f31&sig=0f679c2&sid=2401&ppid=1190520&vpid=57541751&ct=offers,https://octopart.com/click/track?country=AU&ak=68b25f31&sig=04097a8&sid=2402&ppid=1190520&vpid=21831683&ct=offers,Future Electronics,5736392,Cut Tape,0.004559667,0.004559667,0.004559667,690,1,https://octopart.com/click/track?country=AU&ak=68b25f31&sig=089b0f5&sid=2454&ppid=1190520&vpid=19678967&ct=offers,
2,RC0603FR-07100RL,Yageo,RC0603FR-07100RL,https://octopart.com/rc0603fr-07100rl-yageo-55402879,"R12, R401",,"Res, Thick Film, 100R, 1%, 0603",2,311-100HRCT-ND,RC0603FR-07100RL,68R0052,Cut Tape,,Cut Tape,0.1302762,0.1302762,0.10422096,5690157,649973,9629,1,,1,https://octopart.com/click/track?country=AU&ak=68b25f31&sig=0d97615&sid=459&ppid=55402879&vpid=188128876&ct=offers,https://octopart.com/click/track?country=AU&ak=68b25f31&sig=0230807&sid=2401&ppid=55402879&vpid=187885219&ct=offers,https://octopart.com/click/track?country=AU&ak=68b25f31&sig=0dab92b&sid=2402&ppid=55402879&vpid=191426217&ct=offers,Area51,RC0603FR-07100RL,,0.001954143,0.003908286,0.003908286,398,,https://octopart.com/click/track?country=AU&ak=68b25f31&sig=0694e11&sid=13811&ppid=55402879&vpid=189264243&ct=offers,
1,RC0603FR-073K3L,Yageo,RC0603FR-073K3L,https://octopart.com/rc0603fr-073k3l-yageo-40011875,R402,,"Res, Thick Film, 3K3, 1%, 0603",1,311-3.30KHRCT-ND,RC0603FR-073K3L,68R0079,Cut Tape,,Cut Tape,0.1302762,0.1302762,0.10422096,2810805,318932,8518,1,,1,https://octopart.com/click/track?country=AU&ak=68b25f31&sig=0735e2e&sid=459&ppid=40011875&vpid=114982962&ct=offers,https://octopart.com/click/track?country=AU&ak=68b25f31&sig=025390a&sid=2401&ppid=40011875&vpid=114830356&ct=offers,https://octopart.com/click/track?country=AU&ak=68b25f31&sig=09d398b&sid=2402&ppid=40011875&vpid=115424157&ct=offers,Quest,RC0603FR-073K3L,,0.023449716,0.023449716,0.023449716,34287,,https://octopart.com/click/track?country=AU&ak=68b25f31&sig=0bb7680&sid=2412&ppid=40011875&vpid=123662364&ct=offers,
4,RC0603FR-07470RL,Yageo,RC0603FR-07470RL,https://octopart.com/rc0603fr-07470rl-yageo-39823780,"R1, R2, R3, R4",,"Res, Thick Film, 470R, 1%, 0603",4,311-470HRCT-ND,RC0603FR-07470RL,68R0099,Cut Tape,,Cut Tape,0.1302762,0.1302762,0.10422096,2100368,274042,0,1,,1,https://octopart.com/click/track?country=AU&ak=68b25f31&sig=0262436&sid=459&ppid=39823780&vpid=114982987&ct=offers,https://octopart.com/click/track?country=AU&ak=68b25f31&sig=0cc291f&sid=2401&ppid=39823780&vpid=115837033&ct=offers,https://octopart.com/click/track?c=1&country=AU&ak=68b25f31&sig=0a7415f&sid=2402&ppid=39823780&vpid=115424170&ct=offers,Future Electronics,2309706,Cut Tape,0.004559667,0.018238668,0.018238668,3392,1,https://octopart.com/click/track?country=AU&ak=68b25f31&sig=03d5d9f&sid=2454&ppid=39823780&vpid=416981636&ct=offers,
2,RC0603FR-0747KL,Yageo,RC0603FR-0747KL,https://octopart.com/rc0603fr-0747kl-yageo-1369017,"R5, R13",,"Res, Thick Film, 47K, 1%, 0603",2,311-47.0KHRCT-ND,RC0603FR-0747KL,26M6759,Cut Tape,,Cut Tape,0.1302762,0.1302762,,2974957,599856,53934,1,,10,https://octopart.com/click/track?country=AU&ak=68b25f31&sig=0a4c276&sid=459&ppid=1369017&vpid=115263533&ct=offers,https://octopart.com/click/track?country=AU&ak=68b25f31&sig=01dcbc5&sid=2401&ppid=1369017&vpid=115540568&ct=offers,https://octopart.com/click/track?country=AU&ak=68b25f31&sig=040a8c9&sid=2402&ppid=1369017&vpid=22463883&ct=offers,Future Electronics,6761977,Cut Tape,0.004559667,0.009119334,0.009119334,1819,1,https://octopart.com/click/track?country=AU&ak=68b25f31&sig=060f261&sid=2454&ppid=1369017&vpid=19679209&ct=offers,
2,RC0603FR-0710RL,Yageo,RC0603FR-0710RL,https://octopart.com/rc0603fr-0710rl-yageo-40254886,"R7, R8",,"Res, Thick Film, 10R, 1%, 0603",2,311-10.0HRCT-ND,RC0603FR-0710RL,68R0050,Cut Tape,,Cut Tape,0.1302762,0.1302762,0.10422096,1882256,413628,0,1,,1,https://octopart.com/click/track?country=AU&ak=68b25f31&sig=09256e4&sid=459&ppid=40254886&vpid=119671172&ct=offers,https://octopart.com/click/track?country=AU&ak=68b25f31&sig=02945a3&sid=2401&ppid=40254886&vpid=114830345&ct=offers,https://octopart.com/click/track?c=1&country=AU&ak=68b25f31&sig=077c417&sid=2402&ppid=40254886&vpid=115424067&ct=offers,Future Electronics,1128362,Cut Tape,0.004559667,0.009119334,0.009119334,0,1,https://octopart.com/click/track?c=1&country=AU&ak=68b25f31&sig=0db50e6&sid=2454&ppid=40254886&vpid=416981335&ct=offers,
1,RC0603FR-0733RL,Yageo,RC0603FR-0733RL,https://octopart.com/rc0603fr-0733rl-yageo-40946050,R6,,"Res, Thick Film, 33R, 1%, 0603",1,311-33.0HRCT-ND,RC0603FR-0733RL,68R0085,Cut Tape,,Cut Tape,0.1302762,0.1302762,0.10422096,1654831,206902,0,1,,1,https://octopart.com/click/track?country=AU&ak=68b25f31&sig=0a5884d&sid=459&ppid=40946050&vpid=114982939&ct=offers,https://octopart.com/click/track?country=AU&ak=68b25f31&sig=05018a2&sid=2401&ppid=40946050&vpid=115540566&ct=offers,https://octopart.com/click/track?c=1&country=AU&ak=68b25f31&sig=000bc06&sid=2402&ppid=40946050&vpid=115424148&ct=offers,Future Electronics,1171792,Cut Tape,0.004559667,0.004559667,0.004559667,0,1,https://octopart.com/click/track?c=1&country=AU&ak=68b25f31&sig=09f882b&sid=2454&ppid=40946050&vpid=416981571&ct=offers,
1,RC0603FR-071K4L,Yageo,RC0603FR-071K4L,https://octopart.com/rc0603fr-071k4l-yageo-55508067,R11,,"Res, Thick Film, 1K4, 1%, 0603",1,311-1.40KHRCT-ND,RC0603FR-071K4L,66R1923,Cut Tape,,Tape & Reel,0.1302762,0.1302762,,211225,86488,0,1,,5000,https://octopart.com/click/track?country=AU&ak=68b25f31&sig=0a43f71&sid=459&ppid=55508067&vpid=188128900&ct=offers,https://octopart.com/click/track?country=AU&ak=68b25f31&sig=04700ea&sid=2401&ppid=55508067&vpid=193244087&ct=offers,https://octopart.com/click/track?c=1&country=AU&ak=68b25f31&sig=04bd42a&sid=2402&ppid=55508067&vpid=192836482&ct=offers,Future Electronics,7157092,Cut Tape,0.004559667,0.004559667,0.004559667,2007,1,https://octopart.com/click/track?country=AU&ak=68b25f31&sig=0e1dad4&sid=2454&ppid=55508067&vpid=416981458&ct=offers,
